chr	start	end	body_CpG_count	up_CpG_count	down_CpG_count	body_meth	up_meth	down_meth	category
chr22	10728187	10729367	30	49	30	75.8	74.3	71.6	High
chr22	11058537	11060344	14	66	9	89.0	85.6	59.9	High
chr22	11588147	11588325	11	20	13	88.0	78.8	72.9	High
chr22	11815605	11815891	6	50	41	68.9	82.2	67.8	Others
chr22	15944737	15947467	19	20	20	78.0	81.0	79.0	Low
chr22	15945021	15946386	7	18	20	86.3	73.2	77.2	High
chr22	15945701	15948047	19	16	19	76.5	74.8	83.7	Others
chr22	16386994	16387061	7	50	86	17.4	39.9	53.5	Low
chr22	17801131	17801453	24	35	47	95.8	93.0	95.0	High
chr22	19112418	19113113	5	19	23	88.8	87.1	93.2	Others
chr22	23136367	23137497	7	26	21	73.4	91.1	66.2	Others
chr22	23558582	23561044	10	22	41	79.4	90.2	94.0	Low
chr22	24316833	24317534	53	17	78	97.3	90.5	96.2	High
chr22	27027677	27027798	5	17	10	92.0	83.7	87.3	High
chr22	27027688	27027808	5	17	10	92.0	83.7	87.3	High
chr22	28781334	28781651	23	15	43	99.0	93.2	94.8	High
chr22	30430838	30441801	115	16	35	87.0	88.7	76.5	Others
chr22	31380430	31384640	71	34	29	94.3	91.8	91.0	High
chr22	31591688	31592266	17	38	130	95.6	96.0	96.5	Low
chr22	37509672	37510149	6	54	39	84.8	91.6	90.1	Low
chr22	40539457	40539620	8	63	26	96.7	96.9	95.9	Others
chr22	44856554	44857220	17	27	29	92.2	94.0	87.2	Others
chr22	45328015	45328342	5	48	27	93.3	94.4	89.9	Others
chr22	48497583	48497814	7	61	51	88.6	90.5	76.7	Others
chr22	48851401	48851540	5	41	45	98.6	88.8	82.7	High
chr22	49385646	49386273	9	31	33	36.3	62.8	67.4	Low
chr22	49407448	49407656	5	36	29	89.2	85.4	87.4	High
chr22	50053921	50053993	5	44	40	91.0	93.3	88.9	Others
chr22	50147309	50147549	10	63	63	28.1	83.3	55.8	Low
